"document_id","document_name","document_type","file_path","sha256_hash","source_dataset","verification_status","is_tampered","uploaded_by","created_at","verified_at"
"DOC435","DOC435.pdf","PDF","documents\DOC435.pdf","c1ae6b142ff50fde47a88f3d5bc8946bd48319fb1f6639ec7c401fbe7d3ae7a8","eGramSwaraj","PENDING","false","system","2026-08-27 23:42:16",""
"DOC436","DOC436.pdf","PDF","documents\DOC436.pdf","9ea9adc3a664399d71d8866ecc8761e904145c42b987c86971c831d98f104ae5","eGramSwaraj","PENDING","false","system","2026-08-27 23:42:16",""
"DOC437","DOC437.pdf","PDF","documents\DOC437.pdf","ca211b8f11225dd74e2534a28fc5519c11eb7f0d1c4bfd94218e7de14d6152a1","eGramSwaraj","PENDING","false","system","2026-08-27 23:42:16",""
"DOC438","DOC438.pdf","PDF","documents\DOC438.pdf","70e6b6ed28e53dd2bb2352c2a4e6606c8ea4ff9de0c969838f72073bd403bc87","eGramSwaraj","PENDING","false","system","2026-08-27 23:42:16",""
"DOC439","DOC439.pdf","PDF","documents\DOC439.pdf","53c47bae5bb4149259de7f45052c8e6b11c4ed67af52f78350dd5a4b0f7a67ae","eGramSwaraj","PENDING","false","system","2026-08-27 23:42:16",""
"DOC440","DOC440.pdf","PDF","documents\DOC440.pdf","f852cff248184826ca889600f4ea7c4aeb0def81279abb0b8b95f54379da238d","eGramSwaraj","PENDING","false","system","2026-08-27 23:42:16",""
"DOC441","DOC441.pdf","PDF","documents\DOC441.pdf","8a314893483ca031afa7cc6c4c31638c6b76e614db637b64e293ec1c81532cca","eGramSwaraj","PENDING","false","system","2026-08-27 23:42:16",""
"DOC442","DOC442.pdf","PDF","documents\DOC442.pdf","ed4285cbbf02896fb15951ed8458f980396fea87d6bd46cf40219f0a46bbea58","eGramSwaraj","PENDING","false","system","2026-08-27 23:42:16",""
"DOC443","DOC443.pdf","PDF","documents\DOC443.pdf","bc5e69d3dbb26f25c01f2283b2de9718f0ca741caa58be8117795b8e84cf6507","eGramSwaraj","PENDING","false","system","2026-08-27 23:42:16",""
"DOC444","DOC444.pdf","PDF","documents\DOC444.pdf","62ea1b45037390a8b15ef7d86cc97d68fd9677720971b2318f1d490b9df16571","eGramSwaraj","PENDING","false","system","2026-08-27 23:42:16",""
"DOC445","DOC445.pdf","PDF","documents\DOC445.pdf","c516c1d568c38f10df81d467aaa2ae7f3e0299c7df9c8cc5b5fc0107f6670bb8","eGramSwaraj","PENDING","false","system","2026-08-27 23:42:16",""
"DOC446","DOC446.pdf","PDF","documents\DOC446.pdf","36a52e8b889ec858a9f713be1690f27b6ff506efc065f96580551ad9db6f52eb","eGramSwaraj","PENDING","false","system","2026-08-27 23:42:16",""
"DOC447","DOC447.pdf","PDF","documents\DOC447.pdf","36a52e8b889ec858a9f713be1690f27b6ff506efc065f96580551ad9db6f52eb","eGramSwaraj","PENDING","false","system","2026-08-27 23:42:16",""
"DOC448","DOC448.pdf","PDF","documents\DOC448.pdf","54f6f65daa40e077c2d7d6967dc7db5c4edfaf5fbc257503c8393a4f6a224e61","eGramSwaraj","PENDING","false","system","2026-08-27 23:42:16",""
"DOC449","DOC449.pdf","PDF","documents\DOC449.pdf","4e437b6118aa07e8f12aff2dd6c70523aac223074a3ab088acf5b6d687eaefc5","eGramSwaraj","PENDING","false","system","2026-08-27 23:42:16",""
"DOC450","DOC450.pdf","PDF","documents\DOC450.pdf","6eb26d4c3539c3a546a2708efc5bd39dcf7bce554e9fb15fb3d0a83b0729d70c","eGramSwaraj","PENDING","false","system","2026-08-27 23:42:16",""
"DOC451","DOC451.pdf","PDF","documents\DOC451.pdf","30afd53a9813bbf5eaef52cdeed37dbbb24b7ba18a0bc252f4f6767a5a47c558","eGramSwaraj","PENDING","false","system","2026-08-27 23:42:16",""
"DOC452","DOC452.pdf","PDF","documents\DOC452.pdf","bd030a806d86c492f8f2e3080f1768e3326a544e4df692e0fb18f432f33ba305","eGramSwaraj","PENDING","false","system","2026-08-27 23:42:16",""
"DOC453","DOC453.pdf","PDF","documents\DOC453.pdf","f628205ba0da7855d4fac2928a23cd2319da4387bb81836c6a106b723fa6c7b3","eGramSwaraj","PENDING","false","system","2026-08-27 23:42:16",""
"DOC454","DOC454.pdf","PDF","documents\DOC454.pdf","c45cfc3e76108190676e1d254df3307afb5b4bb7c2d036d4a647118f2bf360a5","eGramSwaraj","PENDING","false","system","2026-08-27 23:42:16",""
"DOC455","DOC455.pdf","PDF","documents\DOC455.pdf","0ff2e048711eb68c7f29d48e1e056974c872cc53eb25e7e70b38289688d62919","eGramSwaraj","PENDING","false","system","2026-08-27 23:42:16",""
"DOC456","DOC456.pdf","PDF","documents\DOC456.pdf","ea989911411df8106d21d3ff3579f479ec916f0eedc4747e3cd79fd8e41b7d3d","eGramSwaraj","PENDING","false","system","2026-08-27 23:42:16",""
"DOC457","DOC457.pdf","PDF","documents\DOC457.pdf","74d2cb67c9ecfa6d859d6d0e64e600154d39415410f1955f3986c449117d41ca","eGramSwaraj","PENDING","false","system","2026-08-27 23:42:16",""
"DOC458","DOC458.pdf","PDF","documents\DOC458.pdf","6306bafca26562a6b4f7a912237ce1029149067461f8a46e8a748f1cc13b7916","eGramSwaraj","PENDING","false","system","2026-08-27 23:42:16",""
"DOC459","DOC459.pdf","PDF","documents\DOC459.pdf","7965c79d39839a0e8ae13f6ccb2ec7393efa61aab235449b99b55f8af39bd913","eGramSwaraj","PENDING","false","system","2026-08-27 23:42:16",""
"DOC460","DOC460.pdf","PDF","documents\DOC460.pdf","5f145154769a62db58d2395f85ebba4180816769df07b3f9b7a85728bcf61499","eGramSwaraj","PENDING","false","system","2026-08-27 23:42:16",""
"DOC461","DOC461.pdf","PDF","documents\DOC461.pdf","9e6bd3a4c6aee391af50a62642524b7a93726b1062ff212d6f4e35df688b97dc","eGramSwaraj","PENDING","false","system","2026-08-27 23:42:16",""
"DOC462","DOC462.pdf","PDF","documents\DOC462.pdf","fbd1bd836ea9364757e53fe2cece6884c4098c73d2d10a414c9b365edd7c4974","eGramSwaraj","PENDING","false","system","2026-08-27 23:42:16",""
"DOC463","DOC463.pdf","PDF","documents\DOC463.pdf","78f050ff7a830ae8dd1f5825ad499b27c6acecfae3e52bf5b73d12f03c7f0745","eGramSwaraj","PENDING","false","system","2026-08-27 23:42:16",""
"DOC464","DOC464.pdf","PDF","documents\DOC464.pdf","52c580a88f0703306940cd0222296e1ab4aef5b6ca686c8b20b4029a6b6429a1","eGramSwaraj","PENDING","false","system","2026-08-27 23:42:16",""
"DOC465","DOC465.pdf","PDF","documents\DOC465.pdf","4d18d7ab2ba1422392da84f57daa7cac4ff44ab53ab87244a5ba5270e0e73dc7","eGramSwaraj","PENDING","false","system","2026-08-27 23:42:17",""
"DOC466","DOC466.pdf","PDF","documents\DOC466.pdf","0ada67381ca371514f7cb7353109b08f41a09ff6ab1520b9b5c13d4dcb2689a6","eGramSwaraj","PENDING","false","system","2026-08-27 23:42:17",""
"DOC467","DOC467.pdf","PDF","documents\DOC467.pdf","980371c2e964000717b3ced1e94eb7394927a6d1be81d72caf93d5714910ad79","eGramSwaraj","PENDING","false","system","2026-08-27 23:42:17",""
"DOC468","DOC468.pdf","PDF","documents\DOC468.pdf","1027e34e2f456304ff57d2c7e9f97f227112832ed2bcc787fe4893efab2f0691","eGramSwaraj","PENDING","false","system","2026-08-27 23:42:17",""
"DOC469","DOC469.pdf","PDF","documents\DOC469.pdf","8ee097b8fabff5a2220a0b6b32934a32774c1726cab30e3b568a9d66b6d14a47","eGramSwaraj","PENDING","false","system","2026-08-27 23:42:17",""
"DOC470","DOC470.pdf","PDF","documents\DOC470.pdf","0ee389e92919aeeeb1b8d5a51bb33e17b1349dd9f1155f0816384f81ced93c19","eGramSwaraj","PENDING","false","system","2026-08-27 23:42:17",""
"DOC471","DOC471.pdf","PDF","documents\DOC471.pdf","6099fa1b104d23e941f25bd6c446c39459c33224b7baa49060643fc39da4e34b","eGramSwaraj","PENDING","false","system","2026-08-27 23:42:17",""
"DOC472","DOC472.pdf","PDF","documents\DOC472.pdf","cb1f2825eb120f26e98fa4335e62c60953d6386e431188cb9936ec71ecfc292e","eGramSwaraj","PENDING","false","system","2026-08-27 23:42:17",""
"DOC473","DOC473.pdf","PDF","documents\DOC473.pdf","0661129088f399728892a55ddc5d1010495c5f6f077a0c524a399b0661321f52","eGramSwaraj","PENDING","false","system","2026-08-27 23:42:17",""
"DOC474","DOC474.pdf","PDF","documents\DOC474.pdf","e65faceb7fa22412576a16741068faf985f9b87be6b804b56d1292dcd49e0d6d","eGramSwaraj","PENDING","false","system","2026-08-27 23:42:17",""
"DOC475","DOC475.pdf","PDF","documents\DOC475.pdf","8d855784605af846384c50daadad79012e428d45a4f04fa88640abfb86ca085b","eGramSwaraj","PENDING","false","system","2026-08-27 23:42:17",""
"DOC476","DOC476.pdf","PDF","documents\DOC476.pdf","a7fe8213e8118f90b918e19b746f772fba6a97dbe2f7b9dc6182e3ccc5dd9f97","eGramSwaraj","PENDING","false","system","2026-08-27 23:42:17",""
"DOC477","DOC477.pdf","PDF","documents\DOC477.pdf","8847d498cbe89143a7a96c15e2d2acb34f53808d192f060353fff9d90c58b9ad","eGramSwaraj","PENDING","false","system","2026-08-27 23:42:17",""
"DOC478","DOC478.pdf","PDF","documents\DOC478.pdf","8847d498cbe89143a7a96c15e2d2acb34f53808d192f060353fff9d90c58b9ad","eGramSwaraj","PENDING","false","system","2026-08-27 23:42:17",""
"DOC479","DOC479.pdf","PDF","documents\DOC479.pdf","209737a17359fd4345d790c73422c47ec5b7249452f1a2ce1c4c741b1259cf38","eGramSwaraj","PENDING","false","system","2026-08-27 23:42:17",""
"DOC480","DOC480.pdf","PDF","documents\DOC480.pdf","beb9273085c28161892918ec3fc23254f666530888e0182afdb88d334469c661","eGramSwaraj","PENDING","false","system","2026-08-27 23:42:17",""
"DOC481","DOC481.pdf","PDF","documents\DOC481.pdf","db5a7188b1e25b601d76a1cd38d75f01a06e08991638b2988c3ccb9737afb061","eGramSwaraj","PENDING","false","system","2026-08-27 23:42:17",""
"DOC482","DOC482.pdf","PDF","documents\DOC482.pdf","6f19c5ba887ceb30234ebadf3d30a624b946552aec9b6005dd57e20beb8338c0","eGramSwaraj","PENDING","false","system","2026-08-27 23:42:17",""
"DOC483","DOC483.pdf","PDF","documents\DOC483.pdf","2929d53b9f17b7bb86f228c1730b4d0377d1397e2c523210a0cf48b02cdd5b50","eGramSwaraj","PENDING","false","system","2026-08-27 23:42:17",""
"DOC484","DOC484.pdf","PDF","documents\DOC484.pdf","60ef0c4e183a2d9a3b281c8ee289ce6ce06a34e660ecf2c3cc4e8bbf66fd2361","eGramSwaraj","PENDING","false","system","2026-08-27 23:42:17",""
"DOC485","DOC485.pdf","PDF","documents\DOC485.pdf","3fbc667a303a43caa49a54a72fc61cdf7810e1506c31d7e1252f66e765ea8def","eGramSwaraj","PENDING","false","system","2026-08-27 23:42:17",""
"DOC486","DOC486.pdf","PDF","documents\DOC486.pdf","272f0279b7f55d88ad1184ebcfa3292c1aaacf9b0e929e9ccafe567e848a8be7","eGramSwaraj","PENDING","false","system","2026-08-27 23:42:17",""
"DOC487","DOC487.pdf","PDF","documents\DOC487.pdf","d021a99beeb9446394cb7bd122945140f9ba72b581b1610644731901886f369a","eGramSwaraj","PENDING","false","system","2026-08-27 23:42:17",""
"DOC488","DOC488.pdf","PDF","documents\DOC488.pdf","c5e6a23d8da6b434cb37304c9f0cc22b5e76bd72679a868c1116e32870962fa5","eGramSwaraj","PENDING","false","system","2026-08-27 23:42:17",""
"DOC489","DOC489.pdf","PDF","documents\DOC489.pdf","ba03e935fb41a90d58d28e69a2d8177f7bc2353f5ab526623dd6d60d24d726c9","eGramSwaraj","PENDING","false","system","2026-08-27 23:42:17",""
"DOC490","DOC490.pdf","PDF","documents\DOC490.pdf","82296bf019d57f9b7787a7b4d7c8118ea6f2ac691e33c0f227f2a78f18ef7e2e","eGramSwaraj","PENDING","false","system","2026-08-27 23:42:17",""
"DOC491","DOC491.pdf","PDF","documents\DOC491.pdf","e540654e76bf8fc98343b3eeabd568a1e69501c980522b2e0b9ddec4b221c965","eGramSwaraj","PENDING","false","system","2026-08-27 23:42:17",""
"DOC492","DOC492.pdf","PDF","documents\DOC492.pdf","25ed76437d21ce3d9c724f4d50840345b70174016c12786a245850df170facd1","eGramSwaraj","PENDING","false","system","2026-08-27 23:42:17",""
"DOC493","DOC493.pdf","PDF","documents\DOC493.pdf","0dc3e6b7005d900a7f45ef094fa5dff41eb7eb20793180872885b0eb6f2efb12","eGramSwaraj","PENDING","false","system","2026-08-27 23:42:17",""
"DOC494","DOC494.pdf","PDF","documents\DOC494.pdf","f2847cac90a5d2123f15828aff62378d5509a9753af8822b9d90d0d4444cafa8","eGramSwaraj","PENDING","false","system","2026-08-27 23:42:17",""
"DOC495","DOC495.pdf","PDF","documents\DOC495.pdf","a3b5fce11bcd02618edadc2f80e4c4ae9583a23710fda96efe6dc7e3186cfe93","eGramSwaraj","PENDING","false","system","2026-08-27 23:42:17",""
"DOC496","DOC496.pdf","PDF","documents\DOC496.pdf","197795fa34d0afbc377bbc50a2c19d794d3ebc56e9b7a08b5ba8240203574b9a","eGramSwaraj","PENDING","false","system","2026-08-27 23:42:17",""
"DOC497","DOC497.pdf","PDF","documents\DOC497.pdf","79ab87f0edc2aa411aa136d96f87bc28df6943c5ba827c3c63391b02461080be","eGramSwaraj","PENDING","false","system","2026-08-27 23:42:17",""
"DOC498","DOC498.pdf","PDF","documents\DOC498.pdf","e2c5b93b116a4a3dcabc5724d5ee6a350ed5161b361288f2bb16af7fe15c0d2b","eGramSwaraj","PENDING","false","system","2026-08-27 23:42:17",""
"DOC499","DOC499.pdf","PDF","documents\DOC499.pdf","c64a442bab44e6658789492f59304f455fb8275f09f773915c365283693698c4","eGramSwaraj","PENDING","false","system","2026-08-27 23:42:17",""
"DOC500","DOC500.pdf","PDF","documents\DOC500.pdf","feeb3fc4fc8213626194f150190b1fb0836114fa1bee35e4cb5574138840f5b8","eGramSwaraj","PENDING","false","system","2026-08-27 23:42:17",""
"DOC501","DOC501.pdf","PDF","documents\DOC501.pdf","41a404f33648f1489ac750929beb4854a1ec1c9e66be704d8a1737eeea0f46f6","eGramSwaraj","PENDING","false","system","2026-08-27 23:42:17",""
"DOC502","DOC502.pdf","PDF","documents\DOC502.pdf","714c30bcf50304d501dbfcbbc79780e2a1084d11a70ce8a4bf1db29a702ef00b","eGramSwaraj","PENDING","false","system","2026-08-27 23:42:17",""
"DOC503","DOC503.pdf","PDF","documents\DOC503.pdf","cf1a5fe3f07f6def32181e1df4cfab0f65dd634e40b775ece5c601b9e43ae4b7","eGramSwaraj","PENDING","false","system","2026-08-27 23:42:17",""
"DOC504","DOC504.pdf","PDF","documents\DOC504.pdf","f187dbba092a6a09ab370f7cd40a65bd95e05d15b918b9e37345b43e1f8a3783","eGramSwaraj","PENDING","false","system","2026-08-27 23:42:17",""
"DOC505","DOC505.pdf","PDF","documents\DOC505.pdf","aa76ab89fed220cafbbd18b1c6408eee1b982cfe440c86ff57e885af09ef0e04","eGramSwaraj","PENDING","false","system","2026-08-27 23:42:17",""
"DOC506","DOC506.pdf","PDF","documents\DOC506.pdf","ee9c9d2061f7a3ccd37db23fbf05fffe86a48879b7d73ef428646341379b563f","eGramSwaraj","PENDING","false","system","2026-08-27 23:42:17",""
"DOC507","DOC507.pdf","PDF","documents\DOC507.pdf","22cd65b8faebd4b651848589d7851f175ef7c093adb9916ac06ccbce5f005790","eGramSwaraj","PENDING","false","system","2026-08-27 23:42:17",""
"DOC508","DOC508.pdf","PDF","documents\DOC508.pdf","5265bdfdd704e27c1877b1d1da223e7f6a1cf74f26540771accd81a9d556d090","eGramSwaraj","PENDING","false","system","2026-08-27 23:42:17",""
"DOC509","DOC509.pdf","PDF","documents\DOC509.pdf","c9ffc99c14d174283ece5613777e0dff08229bd13325fc9d65a74429a9e490aa","eGramSwaraj","PENDING","false","system","2026-08-27 23:42:17",""
"DOC510","DOC510.pdf","PDF","documents\DOC510.pdf","5c2c8242df8c21575db272115914e458580351c3aea59941135f06b751731580","eGramSwaraj","PENDING","false","system","2026-08-27 23:42:17",""
"DOC511","DOC511.pdf","PDF","documents\DOC511.pdf","059e5004c8ff0892278013396f1a5adcdce0282b1fb4451d839fab1a7a2cafcb","eGramSwaraj","PENDING","false","system","2026-08-27 23:42:17",""
"DOC512","DOC512.pdf","PDF","documents\DOC512.pdf","aad4d09e040946eab144013e28e10b7c0ab936a1ec8c811c80fe0da9cdc39735","eGramSwaraj","PENDING","false","system","2026-08-27 23:42:18",""
"DOC513","DOC513.pdf","PDF","documents\DOC513.pdf","10a9bed2b5b705fc72c2c42b50029fdb2492757ac9e8d25ad005940b98ec3fd2","eGramSwaraj","PENDING","false","system","2026-08-27 23:42:18",""
"DOC514","DOC514.pdf","PDF","documents\DOC514.pdf","0947822f7b70977bfcbea7e9caa4fba1a2ba6708774d33cbf8f92d1d1b1a3f87","eGramSwaraj","PENDING","false","system","2026-08-27 23:42:18",""
"DOC515","DOC515.pdf","PDF","documents\DOC515.pdf","6288eaae2d2767efc75843a9ac4d6143e341722ecd319d37ac83aa56b7d92875","eGramSwaraj","PENDING","false","system","2026-08-27 23:42:18",""
"DOC516","DOC516.pdf","PDF","documents\DOC516.pdf","1bd8d3b7883747ad52958f4922f3bc937a3dbc163ea11afe19dd871481b4c92e","eGramSwaraj","PENDING","false","system","2026-08-27 23:42:18",""
"DOC517","DOC517.pdf","PDF","documents\DOC517.pdf","8225378c448ce056e14d4a0ec0bddd71522701bd12ee1d72bff7b89a8fc6488a","eGramSwaraj","PENDING","false","system","2026-08-27 23:42:18",""
"DOC518","DOC518.pdf","PDF","documents\DOC518.pdf","f50c416b80886b03e7e205dc41b4343ade1a6feb6fdb5b4216f9f2becc3f282b","eGramSwaraj","PENDING","false","system","2026-08-27 23:42:18",""
"DOC519","DOC519.pdf","PDF","documents\DOC519.pdf","594542a5476422c587c63aa769f0934c9e0a83ebb9599b5b66504aebcf3edf1d","eGramSwaraj","PENDING","false","system","2026-08-27 23:42:18",""
"DOC520","DOC520.pdf","PDF","documents\DOC520.pdf","cb74e4d9715a224c18b77dd37bbeb1f339c4002220ca658d2518aecf0f9bc299","eGramSwaraj","PENDING","false","system","2026-08-27 23:42:18",""
"DOC521","DOC521.pdf","PDF","documents\DOC521.pdf","e7ad649833d52e37d633a79de5a87df36eb954e1dbd2525e4f59642b572d1ad0","eGramSwaraj","PENDING","false","system","2026-08-27 23:42:18",""
"DOC522","DOC522.pdf","PDF","documents\DOC522.pdf","2dc532c3fbd7ebc8799382b89e40e01157640cc06c4fb73c1ef060d59742f6a7","eGramSwaraj","PENDING","false","system","2026-08-27 23:42:18",""
"DOC523","DOC523.pdf","PDF","documents\DOC523.pdf","166cb814a64e7ffec2dc3d6aa854c0f2d17689a85a0884aa2822edeaaebccda7","eGramSwaraj","PENDING","false","system","2026-08-27 23:42:18",""
"DOC524","DOC524.pdf","PDF","documents\DOC524.pdf","8ea08098734767ca44f6adc88f8a6c935737ef5a479e9728230b98bce375bf32","eGramSwaraj","PENDING","false","system","2026-08-27 23:42:18",""
"DOC525","DOC525.pdf","PDF","documents\DOC525.pdf","eb56c0f2080270020dcdbcd4ef80316d84628bd336072c7114db25ca5be1e3e3","eGramSwaraj","PENDING","false","system","2026-08-27 23:42:18",""
"DOC526","DOC526.pdf","PDF","documents\DOC526.pdf","e53213510dbb62ebfe56a553bed5aa8b4c84c59aa3196c4c684197f486abe0ec","eGramSwaraj","PENDING","false","system","2026-08-27 23:42:18",""
"DOC527","DOC527.pdf","PDF","documents\DOC527.pdf","799d66d68e4c1ec3fccac6e8deda5085d535f575b1d63f17f9bb9e12785469d4","eGramSwaraj","PENDING","false","system","2026-08-27 23:42:18",""
"DOC528","DOC528.pdf","PDF","documents\DOC528.pdf","c8e60974206c35ab1a795a187d6917de870f5081d89eb360268030684ba0a7f1","eGramSwaraj","PENDING","false","system","2026-08-27 23:42:18",""
"DOC529","DOC529.pdf","PDF","documents\DOC529.pdf","9df764d3cf1662c2d830c766eef1915ee52b3eaf3ab18c1b5b23e0c27d3e3237","eGramSwaraj","PENDING","false","system","2026-08-27 23:42:18",""
"DOC530","DOC530.pdf","PDF","documents\DOC530.pdf","c8cda0c699a6ddae6a2441c2d9e04fe980c67b73fb6983f32986ac4ca232e88d","eGramSwaraj","PENDING","false","system","2026-08-27 23:42:18",""
"DOC531","DOC531.pdf","PDF","documents\DOC531.pdf","e65aa24f18f7d4e4e308307607e82300085df6d20bea457132a10b4ecd302d19","eGramSwaraj","PENDING","false","system","2026-08-27 23:42:18",""
"DOC532","DOC532.pdf","PDF","documents\DOC532.pdf","06800a161a9360a8c47f868513f225fb0c39d009aa65bd235cfb46c83875303d","eGramSwaraj","PENDING","false","system","2026-08-27 23:42:18",""
"DOC533","DOC533.pdf","PDF","documents\DOC533.pdf","a06dde900c698fec2b2cf1111fe6ae58be7e833b4833a636eba18c9d26d6ac88","eGramSwaraj","PENDING","false","system","2026-08-27 23:42:18",""
"DOC534","DOC534.pdf","PDF","documents\DOC534.pdf","8ff5852d9d78eca02a1899d823eefc3b3980a171d64ed5001635a346c1ea7110","eGramSwaraj","PENDING","false","system","2026-08-27 23:42:18",""
"DOC535","DOC535.pdf","PDF","documents\DOC535.pdf","9cc652a0006b5b51951332555430da84b75a0e19cfc8d64eb6617e030ce9a394","eGramSwaraj","PENDING","false","system","2026-08-27 23:42:18",""
"DOC536","DOC536.pdf","PDF","documents\DOC536.pdf","bc73927747d5c772a4c42a46134b59fcf20db68f1391321b1e244b9e977b9871","eGramSwaraj","PENDING","false","system","2026-08-27 23:42:18",""
"DOC537","DOC537.pdf","PDF","documents\DOC537.pdf","1d23ecddcad7e8e4eddcc8094d24af7f28d7e8e2a4cf024398c701c49acc1336","eGramSwaraj","PENDING","false","system","2026-08-27 23:42:18",""
"DOC538","DOC538.pdf","PDF","documents\DOC538.pdf","9c943c34854b43cb71364fc10c900cae828d3c2b6aa49129828c3a756b77a62c","eGramSwaraj","PENDING","false","system","2026-08-27 23:42:18",""
"DOC539","DOC539.pdf","PDF","documents\DOC539.pdf","681558970c7c77e2a3e0c94666579a0acd7df46143a858fa34956cf18ac5f00b","eGramSwaraj","PENDING","false","system","2026-08-27 23:42:18",""
"DOC540","DOC540.pdf","PDF","documents\DOC540.pdf","9a9a01ce64def2626ecd266087bcf2d4c406b46b0622750163126c0fa1ee4e59","eGramSwaraj","PENDING","false","system","2026-08-27 23:42:18",""
"DOC541","DOC541.pdf","PDF","documents\DOC541.pdf","98fb3f5e4684389521e425b6b05cf7b23d4baf37e8de501c332861d5c21b025f","eGramSwaraj","PENDING","false","system","2026-08-27 23:42:18",""
"DOC542","DOC542.pdf","PDF","documents\DOC542.pdf","6e701bb1256458df1e05bca5eeee609ea4ba9d47a7aae201af13422dcf307413","eGramSwaraj","PENDING","false","system","2026-08-27 23:42:18",""
"DOC543","DOC543.pdf","PDF","documents\DOC543.pdf","91c3f9a45f687038e81d36396c330154eab5517f59459cd2b6eb6122c5cb568f","eGramSwaraj","PENDING","false","system","2026-08-27 23:42:18",""
"DOC544","DOC544.pdf","PDF","documents\DOC544.pdf","e945316a2216e88297de34e7ac55c208a2d4e9938a5cb9e81b6fac9e9db7c589","eGramSwaraj","PENDING","false","system","2026-08-27 23:42:18",""
"DOC545","DOC545.pdf","PDF","documents\DOC545.pdf","a0c2aabbb84f829ce8b5ecaeef093639d65d78866030ec0a2ebcfb41cd30700d","eGramSwaraj","PENDING","false","system","2026-08-27 23:42:18",""
"DOC546","DOC546.pdf","PDF","documents\DOC546.pdf","b1c3365757f9e6e2c7bcef504fc6440257da8bfda13bb8ad14420c1d2516017b","eGramSwaraj","PENDING","false","system","2026-08-27 23:42:18",""
"DOC547","DOC547.pdf","PDF","documents\DOC547.pdf","77d939e72504898c6514b03dcb1346d00bc823ff2ebc6f0b9e50e9153f5a1f92","eGramSwaraj","PENDING","false","system","2026-08-27 23:42:18",""
"DOC548","DOC548.pdf","PDF","documents\DOC548.pdf","d2b2bf6bfbf7def128f11ea4c83de88b5b9f415bf5257f932ee4c7bb290ae97a","eGramSwaraj","PENDING","false","system","2026-08-27 23:42:18",""
"DOC549","DOC549.pdf","PDF","documents\DOC549.pdf","24b58b62b5b6da0aa83b26d284b0b454f77bfbf98a3cdc8d06c86e7caa439328","eGramSwaraj","PENDING","false","system","2026-08-27 23:42:18",""
"DOC550","DOC550.pdf","PDF","documents\DOC550.pdf","27504f3ef5a11b3498700ea66057ee4278d06eecce54258fab058cc11dd70777","eGramSwaraj","PENDING","false","system","2026-08-27 23:42:18",""
"DOC551","DOC551.pdf","PDF","documents\DOC551.pdf","c835a30e99c51f3ebc3483fda34b8cb31b9479f77dfe507610021bb1fc160274","eGramSwaraj","PENDING","false","system","2026-08-27 23:42:18",""
"DOC552","DOC552.pdf","PDF","documents\DOC552.pdf","a2e712e179717443e96a8f70a74807a237ddf44c86560a53e57c5354bb98707f","eGramSwaraj","PENDING","false","system","2026-08-27 23:42:18",""
"DOC553","DOC553.pdf","PDF","documents\DOC553.pdf","30e03a2b65f3c69216679402750a1b6fef09319aa2ab126935f74b87d3bcc5c2","eGramSwaraj","PENDING","false","system","2026-08-27 23:42:18",""
"DOC554","DOC554.pdf","PDF","documents\DOC554.pdf","367f2b4beabf074df63d02ab1f4a56030d49acd09944148c2e5c4d1f2fb96d36","eGramSwaraj","PENDING","false","system","2026-08-27 23:42:18",""
"DOC555","DOC555.pdf","PDF","documents\DOC555.pdf","7a92e5ce538d38be8b8b2b3a26847a9427ffd9eb0a30d7505583eb3630ab9e0e","eGramSwaraj","PENDING","false","system","2026-08-27 23:42:18",""
"DOC556","DOC556.pdf","PDF","documents\DOC556.pdf","ab1de4e7eb22fe712d6613482228cacda1dc32f82b671fabf5da8f42343aca81","eGramSwaraj","PENDING","false","system","2026-08-27 23:42:18",""
"DOC557","DOC557.pdf","PDF","documents\DOC557.pdf","19bedd849dc29b0b03f78de60c0e51361ddfc6f9c2312e0cac3572e4a1e7cce2","eGramSwaraj","PENDING","false","system","2026-08-27 23:42:18",""
"DOC558","DOC558.pdf","PDF","documents\DOC558.pdf","b5448cd87c3bab46cb963d44fa52cca9580c805041550148329f4ce65b2001bd","eGramSwaraj","PENDING","false","system","2026-08-27 23:42:18",""
"DOC559","DOC559.pdf","PDF","documents\DOC559.pdf","a56b57d1c6e23b9393377c4ac6f970c1f0a44af35b4af4471356027244e81b51","eGramSwaraj","PENDING","false","system","2026-08-27 23:42:18",""
"DOC560","DOC560.pdf","PDF","documents\DOC560.pdf","2275aa46687b6ee2abbeacc8221af056e0f0f8277d5a9fc5db69b174a97edd09","eGramSwaraj","PENDING","false","system","2026-08-27 23:42:18",""
"DOC561","DOC561.pdf","PDF","documents\DOC561.pdf","78135feb36c416b45a40b92ec344fdc0b6c6cc15129134548fda845e3fca4f3f","eGramSwaraj","PENDING","false","system","2026-08-27 23:42:18",""
"DOC562","DOC562.pdf","PDF","documents\DOC562.pdf","799c814b7fd6847f3b2198ba5d3d4c82ecc9eb37270adac5f192d4b63ef84ef7","eGramSwaraj","PENDING","false","system","2026-08-27 23:42:19",""
"DOC563","DOC563.pdf","PDF","documents\DOC563.pdf","cb10e15cea1dd66d02f70a8312e88950ef8e5832e1b57a4ff35cc8164098c08d","eGramSwaraj","PENDING","false","system","2026-08-27 23:42:19",""
"DOC564","DOC564.pdf","PDF","documents\DOC564.pdf","65f80767ed8f393fdb8a0090d72ee622e5dee750122be60d81eb595ea980faa4","eGramSwaraj","PENDING","false","system","2026-08-27 23:42:19",""
"DOC565","DOC565.pdf","PDF","documents\DOC565.pdf","75936ad725035c6f0d55b63d7d49870638027b3f025005a6c042dd92290c235d","eGramSwaraj","PENDING","false","system","2026-08-27 23:42:19",""
"DOC566","DOC566.pdf","PDF","documents\DOC566.pdf","2d9707406c87b0415d1da18c6f287201ec4e56299a5545fb5668f5136d8efe50","eGramSwaraj","PENDING","false","system","2026-08-27 23:42:19",""
"DOC567","DOC567.pdf","PDF","documents\DOC567.pdf","f42d7f631d0374bd37caa56bd23e4944593104539dc526f8281c23e19652ec42","eGramSwaraj","PENDING","false","system","2026-08-27 23:42:19",""
"DOC568","DOC568.pdf","PDF","documents\DOC568.pdf","21361020940fc7fb7e3fa631583a45897d3a534539fab3415517a7e54ee47ebc","eGramSwaraj","PENDING","false","system","2026-08-27 23:42:19",""
"DOC569","DOC569.pdf","PDF","documents\DOC569.pdf","4721e1868c7cb06e31871467cb28828b9a522f47e0b1f07b4c6f0b43ab7ebb74","eGramSwaraj","PENDING","false","system","2026-08-27 23:42:19",""
"DOC570","DOC570.pdf","PDF","documents\DOC570.pdf","8de64d0fc2e52eae6a17c4e1e583848a082b347dbf855f0a4be2568161229e4f","eGramSwaraj","PENDING","false","system","2026-08-27 23:42:19",""
"DOC571","DOC571.pdf","PDF","documents\DOC571.pdf","154a09c9f0f4335a57df962af1a8a63241e62429ea8b42d44c76c533b25d70ca","eGramSwaraj","PENDING","false","system","2026-08-27 23:42:19",""
"DOC572","DOC572.pdf","PDF","documents\DOC572.pdf","9feb9859c4676e7c86fd709c5d51e6c78088dad76de16abd1852fb4650b3d770","eGramSwaraj","PENDING","false","system","2026-08-27 23:42:19",""
"DOC573","DOC573.pdf","PDF","documents\DOC573.pdf","d5bc7360e805a968cd80facd62b875bf15df2b220a64da3dd7bce4eab95592a5","eGramSwaraj","PENDING","false","system","2026-08-27 23:42:19",""
"DOC574","DOC574.pdf","PDF","documents\DOC574.pdf","a1e22e05b135b9f7719539ee2ebc1df43162e18ec47a633b05ad6496d5cad7fb","eGramSwaraj","PENDING","false","system","2026-08-27 23:42:19",""
"DOC575","DOC575.pdf","PDF","documents\DOC575.pdf","a68abdc6d8e14eaf7d17b0aea06b252e760620465f88cb4f9d7ab0894921ede8","eGramSwaraj","PENDING","false","system","2026-08-27 23:42:19",""
"DOC576","DOC576.pdf","PDF","documents\DOC576.pdf","01ed7c1f1872592c988cee9101195940afdc25640505d2f408f8ff4a026cb2f8","eGramSwaraj","PENDING","false","system","2026-08-27 23:42:19",""
"DOC577","DOC577.pdf","PDF","documents\DOC577.pdf","0ceaa52aed0a4a99a9b201c018d5501bd8df53d21096cdc9d1e9b3550c8d4728","eGramSwaraj","PENDING","false","system","2026-08-27 23:42:19",""
"DOC578","DOC578.pdf","PDF","documents\DOC578.pdf","10ab161322d5c7d9b384a2bee9782ae811f83192dd0dd6cdde9d74627e54e86b","eGramSwaraj","PENDING","false","system","2026-08-27 23:42:19",""
"DOC579","DOC579.pdf","PDF","documents\DOC579.pdf","33e6d83c23abefef7f4dafc73978603cf6fa359c0d2015617632c28f40bc049e","eGramSwaraj","PENDING","false","system","2026-08-27 23:42:19",""
"DOC580","DOC580.pdf","PDF","documents\DOC580.pdf","8b2ea0f5b4ae4a5f2f15ca5eb3e4f93506c843045e18a33eeb28a23d27547b02","eGramSwaraj","PENDING","false","system","2026-08-27 23:42:19",""
"DOC581","DOC581.pdf","PDF","documents\DOC581.pdf","38c6e3ae4cd8d5be6f059f26d2b7d4d50231cc7c3109ac760dbfb8aa29c1fe5a","eGramSwaraj","PENDING","false","system","2026-08-27 23:42:19",""
"DOC582","DOC582.pdf","PDF","documents\DOC582.pdf","4d1ece436f8ba19f0915f65bfbe090a8fedc80222494e137900e79e560bb1577","eGramSwaraj","PENDING","false","system","2026-08-27 23:42:19",""
"DOC583","DOC583.pdf","PDF","documents\DOC583.pdf","320e98be213d56cbb6edb883f243bfc7c66056db81e368a248b1713356c3400b","eGramSwaraj","PENDING","false","system","2026-08-27 23:42:19",""
"DOC584","DOC584.pdf","PDF","documents\DOC584.pdf","af7af94f9fd9ebe05a00b275da7e3c8ec19eb43a0077c3384f125f5fdc889448","eGramSwaraj","PENDING","false","system","2026-08-27 23:42:19",""
"DOC585","DOC585.pdf","PDF","documents\DOC585.pdf","901188fc5125ccc68db9de62cb65d394f3f36c81e58fb37af07ea2357844f4bc","eGramSwaraj","PENDING","false","system","2026-08-27 23:42:19",""
"DOC586","DOC586.pdf","PDF","documents\DOC586.pdf","bcab2afc062c70b8297fb61575fcb2a7551f88c1656b4feeba590d824c3fae48","eGramSwaraj","PENDING","false","system","2026-08-27 23:42:19",""
"DOC587","DOC587.pdf","PDF","documents\DOC587.pdf","0915706b6ef7bf853fa58158e8aebf4c93286c24e7a17dba6f6ae46bdd794ef0","eGramSwaraj","PENDING","false","system","2026-08-27 23:42:19",""
"DOC588","DOC588.pdf","PDF","documents\DOC588.pdf","cc19693b0ddfb80ad625d93286f02b35e678b5c425ab7558007c391ead6a12f3","eGramSwaraj","PENDING","false","system","2026-08-27 23:42:19",""
"DOC589","DOC589.pdf","PDF","documents\DOC589.pdf","f3cf29dee38f95e18c75c3697bfd7f4e934bc4e17af6d05bf3bfdac426616ad5","eGramSwaraj","PENDING","false","system","2026-08-27 23:42:19",""
"DOC590","DOC590.pdf","PDF","documents\DOC590.pdf","a1066d32ba3dbf143881b79c768d6fe33b5150895f8e5022efef80051618363d","eGramSwaraj","PENDING","false","system","2026-08-27 23:42:19",""
"DOC591","DOC591.pdf","PDF","documents\DOC591.pdf","b789756f84ac8d530a29b70327ee77465ca8def2b709b08fd422143f2a6696c3","eGramSwaraj","PENDING","false","system","2026-08-27 23:42:19",""
"DOC592","DOC592.pdf","PDF","documents\DOC592.pdf","9c808bc8f1a8bdb3c8bb21be23497185d4c70155381238b948c5d8984f28b8f5","eGramSwaraj","PENDING","false","system","2026-08-27 23:42:19",""
"DOC593","DOC593.pdf","PDF","documents\DOC593.pdf","11dce5b2f0eb2bf807d5706425b6100412b99bf5f3a32eee7c92b19bdc400d23","eGramSwaraj","PENDING","false","system","2026-08-27 23:42:19",""
"DOC594","DOC594.pdf","PDF","documents\DOC594.pdf","749c395cbfa89b14cc84a87dcc90f83fc3350cf5818e045a8295d656920d6f46","eGramSwaraj","PENDING","false","system","2026-08-27 23:42:19",""
"DOC595","DOC595.pdf","PDF","documents\DOC595.pdf","7446fcaefad5d1068a7136bcec5df8f581c165f0ce5a973e610f29487cc60d5d","eGramSwaraj","PENDING","false","system","2026-08-27 23:42:19",""
"DOC596","DOC596.pdf","PDF","documents\DOC596.pdf","2a562d5521d852becc95c807f54d7ab36945308332e449791d2176d70b8f4c5c","eGramSwaraj","PENDING","false","system","2026-08-27 23:42:19",""
"DOC597","DOC597.pdf","PDF","documents\DOC597.pdf","abe2d5e101e35aff72dcb059914a0f51c8cd5c912eccb3e0fa4392545530e66a","eGramSwaraj","PENDING","false","system","2026-08-27 23:42:19",""
"DOC598","DOC598.pdf","PDF","documents\DOC598.pdf","7d107e1d074c801f2f56e2584c7bb8a61947e8a900f237d3de4bf469e2775250","eGramSwaraj","PENDING","false","system","2026-08-27 23:42:19",""
"DOC599","DOC599.pdf","PDF","documents\DOC599.pdf","82949b68573b29139b0c0dac874861c31f972d7d5478068cdbac30f44d4c63af","eGramSwaraj","PENDING","false","system","2026-08-27 23:42:19",""
"DOC600","DOC600.pdf","PDF","documents\DOC600.pdf","a8c914f4461790903fabe9d80f499621cf7b5497a120a5cb015cf481d4a10f3f","eGramSwaraj","PENDING","false","system","2026-08-27 23:42:19",""
"DOC601","DOC601.pdf","PDF","documents\DOC601.pdf","4ac357fb7a5dba78f6f9e8063f1aa169193314b555af543f2017234e3c9790bf","eGramSwaraj","PENDING","false","system","2026-08-27 23:42:19",""
"DOC602","DOC602.pdf","PDF","documents\DOC602.pdf","eb71e3d5513d94bbb98e544b6d5ffcc81f32c4f56ee133177bdb2e443247093f","eGramSwaraj","PENDING","false","system","2026-08-27 23:42:19",""
"DOC603","DOC603.pdf","PDF","documents\DOC603.pdf","1ce99565adefde59e10633e76ea042b535ecd3c22298c58b048dd76a9cd07bfd","eGramSwaraj","PENDING","false","system","2026-08-27 23:42:19",""
"DOC604","DOC604.pdf","PDF","documents\DOC604.pdf","a83049bf67ec25a26913d462e988e35b5503cd789b0d4800863d7ee3c20d38b4","eGramSwaraj","PENDING","false","system","2026-08-27 23:42:20",""
"DOC605","DOC605.pdf","PDF","documents\DOC605.pdf","44e6d35e35b14733fb348ce127f2fa686797294dff6e5d25a84571ee7e01b09d","eGramSwaraj","PENDING","false","system","2026-08-27 23:42:20",""
"DOC606","DOC606.pdf","PDF","documents\DOC606.pdf","5ffce538996d6a021ae98f69154db1e370a2e4cde8507d42038fe6d5f74312a4","eGramSwaraj","PENDING","false","system","2026-08-27 23:42:20",""
"DOC607","DOC607.pdf","PDF","documents\DOC607.pdf","4b729adf37e14ec71b5ed56025eabc2f6cd51e023f1dc7f1af271eb0215a690a","eGramSwaraj","PENDING","false","system","2026-08-27 23:42:20",""
"DOC608","DOC608.pdf","PDF","documents\DOC608.pdf","c66d7d936e9d1c27019fc3e512c8ae6ed805f56bd996748ebbca22cffdf1d7f5","eGramSwaraj","PENDING","false","system","2026-08-27 23:42:20",""
"DOC609","DOC609.pdf","PDF","documents\DOC609.pdf","68a8d81f9d207052851fda1d8ba24f7f8d4f5419efc5717bb25babdb8cad8d3e","eGramSwaraj","PENDING","false","system","2026-08-27 23:42:20",""
"DOC610","DOC610.pdf","PDF","documents\DOC610.pdf","fd2157bc1e61ecb94e999469a311e748fde8d38bec19843fe67d7d3013c8471d","eGramSwaraj","PENDING","false","system","2026-08-27 23:42:20",""
"DOC611","DOC611.pdf","PDF","documents\DOC611.pdf","aa0f1c7db764438088fb34cc8006ab5869f4675333064ac93dacee115c7e6866","eGramSwaraj","PENDING","false","system","2026-08-27 23:42:20",""
"DOC612","DOC612.pdf","PDF","documents\DOC612.pdf","92d587cd583dd6f204ea0122068863991ffe8f0e3f066591295f14f237a3b388","eGramSwaraj","PENDING","false","system","2026-08-27 23:42:20",""
"DOC613","DOC613.pdf","PDF","documents\DOC613.pdf","2391acb520ae6079a0349fc73cb6f6770588eccb182b6947b980d818d397d574","eGramSwaraj","PENDING","false","system","2026-08-27 23:42:20",""
"DOC614","DOC614.pdf","PDF","documents\DOC614.pdf","4c0448ecc514f58447783e104f526462e46153036ab7ded7087f54b05b0cc960","eGramSwaraj","PENDING","false","system","2026-08-27 23:42:20",""
"DOC615","DOC615.pdf","PDF","documents\DOC615.pdf","9070b9903ba84560d7954f7d2bb8991e15af58aa129ae7121aa6a1b93563d9a0","eGramSwaraj","PENDING","false","system","2026-08-27 23:42:20",""
"DOC616","DOC616.pdf","PDF","documents\DOC616.pdf","97ecb4f5d55f866a4ac39439065cae26ecbd91ca945b8929f438ed8dcb4dbfdf","eGramSwaraj","PENDING","false","system","2026-08-27 23:42:20",""
"DOC617","DOC617.pdf","PDF","documents\DOC617.pdf","5cfa5bfdf6093663c7e46a4b3522f83ee069a6181d6c8b35c29478ad3a0c57fb","eGramSwaraj","PENDING","false","system","2026-08-27 23:42:20",""
"DOC618","DOC618.pdf","PDF","documents\DOC618.pdf","10a0a0931aadce1d1c798149cd0e4a009552f6f9a43447a09c3a5d0e6e244eb7","eGramSwaraj","PENDING","false","system","2026-08-27 23:42:20",""
"DOC619","DOC619.pdf","PDF","documents\DOC619.pdf","42fe7156550990af14978f37688035b31de496acc991f52527e742e151217145","eGramSwaraj","PENDING","false","system","2026-08-27 23:42:20",""
"DOC620","DOC620.pdf","PDF","documents\DOC620.pdf","c3bcf064fd7f4235a8c63902aa65b40d5d26c1d2eb398500625cb7ffcc804eb8","eGramSwaraj","PENDING","false","system","2026-08-27 23:42:20",""
"DOC621","DOC621.pdf","PDF","documents\DOC621.pdf","5a7e07f8f18d19915912ab8b3bc6541f9bfbcd6fae42d91c3f8811c47bfcf44a","eGramSwaraj","PENDING","false","system","2026-08-27 23:42:20",""
"DOC622","DOC622.pdf","PDF","documents\DOC622.pdf","b88e40bb3776cc6ca1e4fd1aec004cab06b329376e7a5b3aa399356f7f4e7859","eGramSwaraj","PENDING","false","system","2026-08-27 23:42:20",""
